filepath,quality,fitness,overlap,angle,time
temp/evaluation/coreg_ddems/station_3564_ddem.tif,good,3.063581491,46779.0,1.1200945189139027,2021-01-13 11:11:22.252299
temp/evaluation/coreg_ddems/station_5907_ddem.tif,good,6.670156866,72353.0,1.4825501206346314,2021-01-13 11:11:22.252299
temp/evaluation/coreg_ddems/station_6335_ddem.tif,good,4.529661941,185862.0,0.6046682304882702,2021-01-13 11:11:22.252299
temp/evaluation/coreg_ddems/station_5878_ddem.tif,good,3.87513075,46557.0,0.43790375380727864,2021-01-13 11:11:22.252299
temp/evaluation/coreg_ddems/station_6342_ddem.tif,good,3.758433484,100057.0,0.3156258139945569,2021-01-13 11:11:22.252299
temp/evaluation/coreg_ddems/station_2555_ddem.tif,bad,14.30657495,20755.0,0.5144865151139221,2021-01-13 11:11:22.252299
temp/evaluation/coreg_ddems/station_3980_ddem.tif,good,2.856884418,15711.0,0.4037528144474709,2021-01-13 11:11:22.252299
temp/evaluation/coreg_ddems/station_3254_ddem.tif,bad,20.43720843,143718.0,2.6152219132530874,2021-01-13 11:11:22.252299
temp/evaluation/coreg_ddems/station_6361_ddem.tif,good,3.169837476,60943.0,0.68233050668697,2021-01-13 11:11:22.252299
temp/evaluation/coreg_ddems/station_0023_ddem.tif,good,6.112557102,99049.0,0.2390903403530136,2021-01-13 11:11:22.252299
temp/evaluation/coreg_ddems/station_4708_ddem.tif,bad,30.60875241,9373.0,18.277437584488396,2021-01-13 11:11:22.252299
temp/evaluation/coreg_ddems/station_3252_ddem.tif,bad,6.220439321,10753.0,2.075802192032487,2021-01-13 11:11:22.252299
temp/evaluation/coreg_ddems/station_6376_ddem.tif,good,2.415787085,8770.0,1.5840316417838092,2021-01-13 11:11:22.252299
temp/evaluation/coreg_ddems/station_2528_ddem.tif,bad,48.88973383,199.0,19.495002132911168,2021-01-13 11:11:22.252299
temp/evaluation/coreg_ddems/station_3237_ddem.tif,bad,26.40036791,2232.0,1.4970403423126772,2021-01-13 11:11:22.252299
temp/evaluation/coreg_ddems/station_3235_ddem.tif,bad,27.16687961,305884.0,3.048330111210977,2021-01-13 11:11:22.252299
temp/evaluation/coreg_ddems/station_5433_ddem.tif,bad,25.48895914,92229.0,2.391440889630227,2021-01-13 11:11:22.252299
temp/evaluation/coreg_ddems/station_5868_ddem.tif,good,3.851191061,211606.0,0.2938176966344183,2021-01-13 11:11:22.252299
temp/evaluation/coreg_ddems/station_2518_ddem.tif,bad,244.2565112,5817.0,6.582168210696835,2021-01-13 11:11:22.252299
temp/evaluation/coreg_ddems/station_1279_ddem.tif,bad,11.81284235,37484.0,4.062616542288983,2021-01-13 11:11:22.252299
temp/evaluation/coreg_ddems/station_3583_ddem.tif,good,4.879620861,50668.0,0.9955435002841453,2021-01-13 11:11:22.252299
temp/evaluation/coreg_ddems/station_3254_ddem.tif,bad,20.43720843,143718.0,2.6152219132530874,2021-01-13 11:11:22.252299
temp/evaluation/coreg_ddems/station_5894_ddem.tif,good,3.37733029,383271.0,0.30630724351252403,2021-01-13 11:11:22.252299
temp/evaluation/coreg_ddems/station_3587_ddem.tif,good,5.277077789,119891.0,1.0730106290476034,2021-01-13 11:11:22.252299
temp/evaluation/coreg_ddems/station_2549_ddem.tif,bad,19.69938142,187056.0,0.8360698186030132,2021-01-13 11:11:22.252299
temp/evaluation/coreg_ddems/station_3554_ddem.tif,good,5.27742897,129930.0,0.5234059263703333,2021-01-13 11:11:22.252299
temp/evaluation/coreg_ddems/station_2552_ddem.tif,bad,32.62074325,5329.0,4.859031785682484,2021-01-13 11:11:22.252299
temp/evaluation/coreg_ddems/station_5848_ddem.tif,bad,6.04569902,42373.0,0.8119057059030587,2021-01-13 11:11:22.252299
temp/evaluation/coreg_ddems/station_3574_ddem.tif,good,5.50572765,221682.0,0.5057642863704965,2021-01-13 11:11:22.252299
temp/evaluation/coreg_ddems/station_4024_ddem.tif,bad,3.191361733,78482.0,0.40861731974561694,2021-01-13 11:11:22.252299
temp/evaluation/coreg_ddems/station_6354_ddem.tif,good,3.261715162,74953.0,0.37003612367454025,2021-01-13 11:11:22.252299
temp/evaluation/coreg_ddems/station_6357_ddem.tif,good,4.865111418,395847.0,0.4062334033903195,2021-01-13 11:11:22.252299
temp/evaluation/coreg_ddems/station_5425_ddem.tif,bad,25.60103866,149721.0,3.3926497534384175,2021-01-13 11:11:22.252299
temp/evaluation/coreg_ddems/station_5902_ddem.tif,good,5.46025684,276689.0,0.7083638407278718,2021-01-13 11:11:22.252299
temp/evaluation/coreg_ddems/station_1269_ddem.tif,good,3.163052562,36291.0,0.23502083982332303,2021-01-13 11:11:22.252299
temp/evaluation/coreg_ddems/station_3578_ddem.tif,good,8.309800997,279296.0,0.5230432113138352,2021-01-13 11:11:22.252299
temp/evaluation/coreg_ddems/station_6351_ddem.tif,good,2.784731437,30617.0,1.207285183976838,2021-01-13 11:11:22.252299
temp/evaluation/coreg_ddems/station_1278_ddem.tif,bad,61.21558665,757.0,16.859150104396655,2021-01-13 11:11:22.252299
temp/evaluation/coreg_ddems/station_4732_ddem.tif,bad,33.37607912,12143.0,6.060676658142548,2021-01-13 11:11:22.252299
temp/evaluation/coreg_ddems/station_2311_ddem.tif,bad,8.561151797,3644.0,0.7832718699521535,2021-01-13 11:11:22.252299
temp/evaluation/coreg_ddems/station_5451_ddem.tif,bad,20.21683621,81649.0,4.703365369934934,2021-01-13 11:11:22.252299
temp/evaluation/coreg_ddems/station_2522_ddem.tif,bad,375.1435764,5608.0,14.479914348067574,2021-01-13 11:11:22.252299
temp/evaluation/coreg_ddems/station_2537_ddem.tif,bad,16.38478235,67401.0,1.312174768671567,2021-01-13 11:11:22.252299
temp/evaluation/coreg_ddems/station_5863_ddem.tif,good,3.250850119,127481.0,0.3084070024432365,2021-01-13 11:11:22.252299
temp/evaluation/coreg_ddems/station_5440_ddem.tif,good,7.2889958,16494.0,3.817333780309132,2021-01-13 11:11:22.252299
temp/evaluation/coreg_ddems/station_6308_ddem.tif,good,3.296485507,211841.0,0.23309407326472492,2021-01-13 11:11:22.252299
temp/evaluation/coreg_ddems/station_3577_ddem.tif,good,3.416763063,30651.0,1.3138128290235722,2021-01-13 11:11:22.252299
temp/evaluation/coreg_ddems/station_2551_ddem.tif,bad,18.78908916,3076.0,1.7776643571008803,2021-01-13 11:11:22.252299
temp/evaluation/coreg_ddems/station_2520_ddem.tif,bad,22.42949854,4551.0,4.33980050112131,2021-01-13 11:11:22.252299
temp/evaluation/coreg_ddems/station_6361_ddem.tif,good,3.169837476,60943.0,0.68233050668697,2021-01-13 11:11:22.252299
temp/evaluation/coreg_ddems/station_6320_ddem.tif,good,3.165697161,22093.0,0.17556399888672974,2021-01-13 11:11:22.252299
temp/evaluation/coreg_ddems/station_4016_ddem.tif,good,3.157219245,34864.0,0.13163441799642636,2021-01-13 11:11:22.252299
temp/evaluation/coreg_ddems/station_6318_ddem.tif,good,3.07461761,12761.0,0.5442864350449546,2021-01-13 11:11:22.252299
temp/evaluation/coreg_ddems/station_3870_ddem.tif,good,2.788608496,22456.0,0.37378774077363475,2021-01-13 11:11:22.252299
temp/evaluation/coreg_ddems/station_0019_ddem.tif,good,4.370180105,499482.0,0.25251259513542057,2021-01-13 11:11:22.252299
temp/evaluation/coreg_ddems/station_3979_ddem.tif,good,4.523236129,69859.0,0.39662596650178494,2021-01-13 11:11:22.252299
temp/evaluation/coreg_ddems/station_4700_ddem.tif,bad,53.75720992,13017.0,5.950747360040886,2021-01-13 11:11:22.252299
temp/evaluation/coreg_ddems/station_2328_ddem.tif,bad,69.14404561,30317.0,37.0472334586296,2021-01-13 11:11:22.252299
temp/evaluation/coreg_ddems/station_5441_ddem.tif,bad,79.69579373,7614.0,26.066604406859987,2021-01-13 11:11:22.252299
temp/evaluation/coreg_ddems/station_2536_ddem.tif,bad,19.42951744,54236.0,2.0619562930265194,2021-01-13 11:11:22.252299
temp/evaluation/coreg_ddems/station_0028_ddem.tif,bad,13.78156959,87818.0,1.070954370943685,2021-01-13 11:11:22.252299
temp/evaluation/coreg_ddems/station_1287_ddem.tif,bad,18.01357907,45967.0,2.733583424867788,2021-01-13 11:11:22.252299
temp/evaluation/coreg_ddems/station_1526_ddem.tif,bad,11.0135884,33812.0,1.1391393471791609,2021-01-13 11:11:22.252299
temp/evaluation/coreg_ddems/station_4714_ddem.tif,bad,33.0979525,2267.0,14.861642973737043,2021-01-13 11:11:22.252299
temp/evaluation/coreg_ddems/station_5426_ddem.tif,bad,13.92666752,57821.0,2.7930074287030027,2021-01-13 11:11:22.252299
temp/evaluation/coreg_ddems/station_0007_ddem.tif,good,1.997806403,50134.0,0.09570830074372116,2021-01-13 11:11:22.252299
temp/evaluation/coreg_ddems/station_6334_ddem.tif,good,3.428425943,186168.0,0.2310229144150221,2021-01-13 11:11:22.252299
temp/evaluation/coreg_ddems/station_1542_ddem.tif,good,3.788694858,37737.0,0.33421587224365,2021-01-13 11:11:22.252299
temp/evaluation/coreg_ddems/station_4023_ddem.tif,good,3.785800898,100228.0,0.08229821077262313,2021-01-13 11:11:22.252299
temp/evaluation/coreg_ddems/station_5856_ddem.tif,good,2.189850785,51102.0,0.30660147267853965,2021-01-13 11:11:22.252299
temp/evaluation/coreg_ddems/station_2521_ddem.tif,bad,11.12329801,58216.0,1.0016539207011577,2021-01-13 11:11:22.252299
temp/evaluation/coreg_ddems/station_5870_ddem.tif,good,3.574202135,62498.0,0.3024150886218536,2021-01-13 11:11:22.252299
temp/evaluation/coreg_ddems/station_5883_ddem.tif,good,3.34103052,162284.0,0.5681007567793789,2021-01-13 11:11:22.252299
temp/evaluation/coreg_ddems/station_0033_ddem.tif,good,4.335855739,100202.0,0.7426972982753377,2021-01-13 11:11:22.252299
temp/evaluation/coreg_ddems/station_4705_ddem.tif,bad,26.52124013,43220.0,4.527665527917892,2021-01-13 11:11:22.252299
temp/evaluation/coreg_ddems/station_3871_ddem.tif,good,5.570997948,94508.0,0.9275546332011565,2021-01-13 11:11:22.252299
temp/evaluation/coreg_ddems/station_1289_ddem.tif,bad,8.012643902,10201.0,1.2263756529044927,2021-01-13 11:11:22.252299
temp/evaluation/coreg_ddems/station_1531_ddem.tif,bad,5.544214674,6261.0,0.2613333561629825,2021-01-13 11:11:22.252299
temp/evaluation/coreg_ddems/station_3526_ddem.tif,good,6.120974866,284692.0,0.4806386626169,2021-01-13 11:11:22.252299
temp/evaluation/coreg_ddems/station_2560_ddem.tif,bad,7.610026041,47264.0,1.1923263193460063,2021-01-13 11:11:22.252299
temp/evaluation/coreg_ddems/station_3517_ddem.tif,good,6.023803755,422585.0,1.1078507600406329,2021-01-13 11:11:22.252299
temp/evaluation/coreg_ddems/station_3237_ddem.tif,bad,26.40036791,2232.0,1.4970403423126772,2021-01-13 11:11:22.252299
temp/evaluation/coreg_ddems/station_4045_ddem.tif,good,2.808050241,34937.0,0.717478884234879,2021-01-13 11:11:22.252299
temp/evaluation/coreg_ddems/station_1532_ddem.tif,bad,62.68824547,4279.0,25.027643852704575,2021-01-13 11:11:22.252299
temp/evaluation/coreg_ddems/station_2535_ddem.tif,bad,85.53761588,354.0,17.752055892401163,2021-01-13 11:11:22.252299
temp/evaluation/coreg_ddems/station_4720_ddem.tif,bad,14.7278102,12892.0,1.7063482412841326,2021-01-13 11:11:22.252299
temp/evaluation/coreg_ddems/station_3521_ddem.tif,bad,1.545316003,21885.0,0.2117617026339145,2021-01-13 11:11:22.252299
temp/evaluation/coreg_ddems/station_3233_ddem.tif,bad,27.65909563,121675.0,3.3296744834049887,2021-01-13 11:11:22.252299
temp/evaluation/coreg_ddems/station_2517_ddem.tif,bad,39.92607388,46971.0,5.546616572427149,2021-01-13 11:11:22.252299
temp/evaluation/coreg_ddems/station_3231_ddem.tif,bad,35.34793244,90219.0,8.012657056805,2021-01-13 11:11:22.252299
temp/evaluation/coreg_ddems/station_2530_ddem.tif,bad,253.8769595,77794.0,22.04071816115726,2021-01-13 11:11:22.252299
temp/evaluation/coreg_ddems/station_2562_ddem.tif,bad,17.44197168,134438.0,1.0904814878106968,2021-01-13 11:11:22.252299
temp/evaluation/coreg_ddems/station_4717_ddem.tif,bad,35.69520604,18400.0,12.89292131301692,2021-01-13 11:11:22.252299
temp/evaluation/coreg_ddems/station_5452_ddem.tif,good,7.324379614,60088.0,3.055392510171415,2021-01-13 11:11:22.252299
temp/evaluation/coreg_ddems/station_5467_ddem.tif,good,7.695697373,60136.0,4.087915839774342,2021-01-13 11:11:22.252299
temp/evaluation/coreg_ddems/station_1518_ddem.tif,good,8.800460052,209536.0,0.8977307365556287,2021-01-13 11:11:22.252299
temp/evaluation/coreg_ddems/station_3573_ddem.tif,good,5.642092774,70837.0,0.5885094436194499,2021-01-13 11:11:22.252299
temp/evaluation/coreg_ddems/station_2315_ddem.tif,bad,30.00698468,12292.0,31.293698776142303,2021-01-13 11:11:22.252299
temp/evaluation/coreg_ddems/station_5845_ddem.tif,good,5.430054525,41015.0,0.8663725942559395,2021-01-13 11:11:22.252299
temp/evaluation/coreg_ddems/station_3564_ddem.tif,good,3.063581491,46779.0,1.1200945189139027,2021-01-13 11:11:22.252299
temp/evaluation/coreg_ddems/station_2530_ddem.tif,bad,253.8769595,77794.0,22.04071816115726,2021-01-13 11:11:22.252299
temp/evaluation/coreg_ddems/station_3526_ddem.tif,good,6.120974866,284692.0,0.4806386626169,2021-01-13 11:11:22.252299
temp/evaluation/coreg_ddems/station_5437_ddem.tif,good,5.069996314,20943.0,1.9031609266732183,2021-01-13 11:11:22.252299
temp/evaluation/coreg_ddems/station_3230_ddem.tif,bad,33.27876112,224725.0,5.109769038904243,2021-01-13 11:11:22.252299
temp/evaluation/coreg_ddems/station_3870_ddem.tif,good,2.788608496,22456.0,0.37378774077363475,2021-01-13 11:11:22.252299
temp/evaluation/coreg_ddems/station_5888_ddem.tif,good,1.245661176,7360.0,0.8200886932360083,2021-01-13 11:11:22.252299
temp/evaluation/coreg_ddems/station_5411_ddem.tif,good,6.020716493,20075.0,3.735989192172288,2021-01-13 11:11:22.252299
temp/evaluation/coreg_ddems/station_5433_ddem.tif,bad,25.48895914,92229.0,2.391440889630227,2021-01-13 11:11:22.252299
temp/evaluation/coreg_ddems/station_1516_ddem.tif,good,3.754730889,40905.0,0.34050084890528043,2021-01-13 11:11:22.252299
temp/evaluation/coreg_ddems/station_4742_ddem.tif,bad,125.1517556,30890.0,18.588511996898987,2021-01-13 11:11:22.252299
temp/evaluation/coreg_ddems/station_3577_ddem.tif,good,3.416763063,30651.0,1.3138128290235722,2021-01-13 11:11:22.252299
temp/evaluation/coreg_ddems/station_4710_ddem.tif,bad,22.3521075,37329.0,4.989071342782487,2021-01-13 11:11:22.252299
temp/evaluation/coreg_ddems/station_5421_ddem.tif,good,5.321632607,19352.0,3.1063897517743957,2021-01-13 11:11:22.252299
temp/evaluation/coreg_ddems/station_4018_ddem.tif,bad,35.34390527,3236.0,59.93839865649905,2021-01-13 11:11:22.252299
temp/evaluation/coreg_ddems/station_6362_ddem.tif,good,3.639779904,18341.0,0.7276244032593646,2021-01-13 11:11:22.252299
temp/evaluation/coreg_ddems/station_3237_ddem.tif,bad,26.40036791,2232.0,1.4970403423126772,2021-01-13 11:11:22.252299
temp/evaluation/coreg_ddems/station_4020_ddem.tif,good,4.417838612,42397.0,0.61742736768328,2021-01-13 11:11:22.252299
temp/evaluation/coreg_ddems/station_2518_ddem.tif,bad,244.2565112,5817.0,6.582168210696835,2021-01-13 11:11:22.252299
temp/evaluation/coreg_ddems/station_2541_ddem.tif,bad,17.82721174,177965.0,1.0684729484341906,2021-01-13 11:11:22.252299
temp/evaluation/coreg_ddems/station_6347_ddem.tif,good,3.087829902,143382.0,0.6888048303198875,2021-01-13 11:11:22.252299
temp/evaluation/coreg_ddems/station_3553_ddem.tif,bad,9.867345938,162038.0,0.9810978673268611,2021-01-13 11:11:22.252299
temp/evaluation/coreg_ddems/station_0023_ddem.tif,good,6.112557102,99049.0,0.2390903403530136,2021-01-13 11:11:22.252299
temp/evaluation/coreg_ddems/station_1278_ddem.tif,bad,61.21558665,757.0,16.859150104396655,2021-01-13 11:11:22.252299
temp/evaluation/coreg_ddems/station_5844_ddem.tif,good,2.987917753,38293.0,0.5750313719035061,2021-01-13 11:11:22.252299
temp/evaluation/coreg_ddems/station_6375_ddem.tif,good,2.554319091,59683.0,1.2384471457205137,2021-01-13 11:11:22.252299
temp/evaluation/coreg_ddems/station_6356_ddem.tif,good,3.715784194,59496.0,0.5640661436903465,2021-01-13 11:11:22.252299
temp/evaluation/coreg_ddems/station_0003_ddem.tif,good,6.655361282,14181.0,0.23681557265945932,2021-01-13 11:11:22.252299
temp/evaluation/coreg_ddems/station_0003_ddem.tif,bad,6.655361282,14181.0,0.23681557265945932,2021-01-13 11:11:22.252299
temp/evaluation/coreg_ddems/station_6323_ddem.tif,good,3.791370439,151652.0,0.6018904033273846,2021-01-13 11:11:22.252299
temp/evaluation/coreg_ddems/station_5917_ddem.tif,good,3.38521255,66752.0,0.20899703032143196,2021-01-13 11:11:22.252299
temp/evaluation/coreg_ddems/station_1283_ddem.tif,good,5.831656896,363454.0,0.4463116285777109,2021-01-13 11:11:22.252299
temp/evaluation/coreg_ddems/station_0016_ddem.tif,good,3.983061893,124838.0,1.2446790176830418,2021-01-13 11:11:22.252299
temp/evaluation/coreg_ddems/station_5866_ddem.tif,good,3.696189721,147290.0,0.41981615504534586,2021-01-13 11:11:22.252299
temp/evaluation/coreg_ddems/station_0014_ddem.tif,good,2.880115719,67550.0,0.5380921479057349,2021-01-13 11:11:22.252299
temp/evaluation/coreg_ddems/station_3258_ddem.tif,bad,19.50925658,12866.0,6.680050314168613,2021-01-13 11:11:22.252299
temp/evaluation/coreg_ddems/station_2523_ddem.tif,bad,20.53152433,69941.0,0.9172733748245837,2021-01-13 11:11:22.252299
temp/evaluation/coreg_ddems/station_3554_ddem.tif,good,5.27742897,129930.0,0.5234059263703333,2021-01-13 11:11:22.252299
temp/evaluation/coreg_ddems/station_3257_ddem.tif,bad,20.43663966,110859.0,3.394925711221371,2021-01-13 11:11:22.252299
temp/evaluation/coreg_ddems/station_0013_ddem.tif,good,3.543711167,153031.0,0.4359569195380972,2021-01-13 11:11:22.252299
temp/evaluation/coreg_ddems/station_3557_ddem.tif,good,5.691343262,121349.0,0.6197676561231829,2021-01-13 11:11:22.252299
temp/evaluation/coreg_ddems/station_4746_ddem.tif,bad,38.13751121,41301.0,5.356616584954573,2021-01-13 11:11:22.252299
temp/evaluation/coreg_ddems/station_5869_ddem.tif,good,4.594745156,42727.0,1.3810014507196253,2021-01-13 11:11:22.252299
temp/evaluation/coreg_ddems/station_3868_ddem.tif,good,3.037669533,17965.0,0.8911329600732412,2021-01-13 11:11:22.252299
temp/evaluation/coreg_ddems/station_6376_ddem.tif,good,2.415787085,8770.0,1.5840316417838092,2021-01-13 11:11:22.252299
temp/evaluation/coreg_ddems/station_5426_ddem.tif,bad,13.92666752,57821.0,2.7930074287030027,2021-01-13 11:11:22.252299
temp/evaluation/coreg_ddems/station_3575_ddem.tif,good,2.660497773,30602.0,0.06292090487802608,2021-01-13 11:11:22.252299
temp/evaluation/coreg_ddems/station_3229_ddem.tif,bad,45.60158086,207047.0,5.739336706716853,2021-01-13 11:11:22.252299
temp/evaluation/coreg_ddems/station_5901_ddem.tif,bad,173.9211573,4526.0,7.300289281535877,2021-01-13 11:11:22.252299
temp/evaluation/coreg_ddems/station_1520_ddem.tif,good,6.777403958,489700.0,0.39330474009059785,2021-01-13 11:11:22.252299
temp/evaluation/coreg_ddems/station_6346_ddem.tif,good,2.651630402,31898.0,0.6699435467715554,2021-01-13 11:11:22.252299
temp/evaluation/coreg_ddems/station_3585_ddem.tif,good,5.06229571,59452.0,0.2999670997144142,2021-01-13 11:11:22.252299
temp/evaluation/coreg_ddems/station_3520_ddem.tif,good,2.879379182,30023.0,0.5397018062458581,2021-01-13 11:11:22.252299
temp/evaluation/coreg_ddems/station_5445_ddem.tif,bad,90.8561261,50435.0,23.85213390786795,2021-01-13 11:11:22.252299
temp/evaluation/coreg_ddems/station_5418_ddem.tif,bad,34.44478321,284994.0,4.726744725938158,2021-01-13 11:11:22.252299
temp/evaluation/coreg_ddems/station_5860_ddem.tif,good,2.332127601,63274.0,0.32267947672763747,2021-01-13 11:11:22.252299
temp/evaluation/coreg_ddems/station_6365_ddem.tif,good,2.695398095,18745.0,0.29320158648322203,2021-01-13 11:11:22.252299
temp/evaluation/coreg_ddems/station_1292_ddem.tif,good,3.11787296,15863.0,0.46663917422575313,2021-01-13 11:11:22.252299
temp/evaluation/coreg_ddems/station_0043_ddem.tif,good,3.196259843,154794.0,0.5355560022087761,2021-01-13 11:11:22.252299
temp/evaluation/coreg_ddems/station_6316_ddem.tif,good,2.902604944,24271.0,0.39292269265269875,2021-01-13 11:11:22.252299
temp/evaluation/coreg_ddems/station_6312_ddem.tif,good,4.383793521,227540.0,0.3579621176025453,2021-01-13 11:11:22.252299
temp/evaluation/coreg_ddems/station_2316_ddem.tif,bad,15.66411771,104338.0,1.4517499631388842,2021-01-13 11:11:22.252299
temp/evaluation/coreg_ddems/station_6332_ddem.tif,unclear,4.186516928,12733.0,1.0380384946894619,2021-01-13 11:11:22.252299
temp/evaluation/coreg_ddems/station_4713_ddem.tif,bad,17.07003817,5662.0,1.5222467319933246,2021-01-13 11:11:22.252299
temp/evaluation/coreg_ddems/station_4737_ddem.tif,unclear,13.06920038,11092.0,2.715209139705047,2021-01-13 11:11:22.252299
temp/evaluation/coreg_ddems/station_5449_ddem.tif,unclear,9.630358615,95703.0,3.995991936375658,2021-01-13 11:11:22.252299
temp/evaluation/coreg_ddems/station_0035_ddem.tif,good,3.333859916,50745.0,0.46252330624782095,2021-01-13 11:11:22.252299
temp/evaluation/coreg_ddems/station_6331_ddem.tif,good,4.380529708,298997.0,0.4538928131312835,2021-01-13 11:11:22.252299
temp/evaluation/coreg_ddems/station_3576_ddem.tif,good,3.99699645,65605.0,0.5327310725401725,2021-01-13 11:11:22.252299
temp/evaluation/coreg_ddems/station_3267_ddem.tif,bad,26.08041688,69255.0,5.942743168091423,2021-01-13 11:11:22.252299
temp/evaluation/coreg_ddems/station_0022_ddem.tif,good,3.259178238,70199.0,0.4189710925759058,2021-01-13 11:11:22.252299
temp/evaluation/coreg_ddems/station_4731_ddem.tif,bad,85.42005926,24099.0,8.815620458015216,2021-01-13 11:11:22.252299
temp/evaluation/coreg_ddems/station_1536_ddem.tif,good,6.98981479,110491.0,0.36440138268906364,2021-01-13 11:11:22.252299
temp/evaluation/coreg_ddems/station_2519_ddem.tif,bad,16.8178232,14461.0,0.9961428085632055,2021-01-13 11:11:22.252299
temp/evaluation/coreg_ddems/station_4709_ddem.tif,bad,31.32612663,10275.0,3.056202592080203,2021-01-13 11:11:22.252299
temp/evaluation/coreg_ddems/station_3546_ddem.tif,unclear,8.804716307,288205.0,0.2830789805183274,2021-01-13 11:11:22.252299
temp/evaluation/coreg_ddems/station_0020_ddem.tif,good,5.513612509,312242.0,0.2862629121402301,2021-01-13 11:11:22.252299
temp/evaluation/coreg_ddems/station_5430_ddem.tif,good,3.597967164,15293.0,2.9230188687241974,2021-01-13 11:11:22.252299
temp/evaluation/coreg_ddems/station_0001_ddem.tif,good,3.114089311,48638.0,0.13455361139117628,2021-01-13 11:11:22.252299
temp/evaluation/coreg_ddems/station_5904_ddem.tif,good,4.038889824,211612.0,0.24757049800292794,2021-01-13 11:11:22.252299
temp/evaluation/coreg_ddems/station_4701_ddem.tif,bad,120.0373519,8013.0,19.49366968662216,2021-01-13 11:11:22.252299
temp/evaluation/coreg_ddems/station_4718_ddem.tif,bad,11.31652174,67.0,1.9814181497544516,2021-01-13 11:11:22.252299
temp/evaluation/coreg_ddems/station_2559_ddem.tif,unclear,9.673412793,21318.0,1.2918358343998173,2021-01-13 11:11:22.252299
temp/evaluation/coreg_ddems/station_0041_ddem.tif,good,2.232487079,26964.0,1.2421914379997845,2021-01-13 11:11:22.252299
temp/evaluation/coreg_ddems/station_5470_ddem.tif,bad,10.41169892,13586.0,4.696239001880353,2021-01-13 11:11:22.252299
temp/evaluation/coreg_ddems/station_5864_ddem.tif,good,1.443384998,75764.0,0.09671457680602516,2021-01-13 11:11:22.252299
temp/evaluation/coreg_ddems/station_2556_ddem.tif,bad,136.5866209,85933.0,2.4418364647768342,2021-01-13 11:11:22.252299
temp/evaluation/coreg_ddems/station_3256_ddem.tif,bad,55.77495398,111080.0,6.715927929584995,2021-01-13 11:11:22.252299
temp/evaluation/coreg_ddems/station_6371_ddem.tif,good,3.925403449,30033.0,1.0764402658649945,2021-01-13 11:11:22.252299
temp/evaluation/coreg_ddems/station_2526_ddem.tif,bad,10.31633758,3028.0,3.5153457538155783,2021-01-13 11:11:22.252299
temp/evaluation/coreg_ddems/station_3581_ddem.tif,good,5.139761448,131237.0,0.7066647305214941,2021-01-13 11:11:22.252299
temp/evaluation/coreg_ddems/station_1286_ddem.tif,bad,6.481865206,6513.0,1.844026937087668,2021-01-13 11:11:22.252299
temp/evaluation/coreg_ddems/station_5423_ddem.tif,bad,148.5206069,610006.0,6.070641964969645,2021-01-13 11:11:22.252299
temp/evaluation/coreg_ddems/station_0026_ddem.tif,good,4.055101708,179612.0,0.29294471719117754,2021-01-13 11:11:22.252299
temp/evaluation/coreg_ddems/station_3240_ddem.tif,unclear,9.547818372,114994.0,1.954984189136589,2021-01-13 11:11:22.252299
temp/evaluation/coreg_ddems/station_1535_ddem.tif,bad,9.665303676,24869.0,1.1295858412061612,2021-01-13 11:11:22.252299
temp/evaluation/coreg_ddems/station_2547_ddem.tif,unclear,13.40206153,23059.0,4.560217751822658,2021-01-13 11:11:22.252299
temp/evaluation/coreg_ddems/station_4580_ddem.tif,good,5.908607948,105915.0,3.6231206750890497,2021-01-13 11:11:22.252299
temp/evaluation/coreg_ddems/station_5892_ddem.tif,unclear,5.440251346,143512.0,0.8484720406470628,2021-01-13 11:11:22.252299
temp/evaluation/coreg_ddems/station_5903_ddem.tif,good,2.680060115,56440.0,0.3756344937169948,2021-01-13 11:11:22.252299
temp/evaluation/coreg_ddems/station_0018_ddem.tif,good,3.3678361,72244.0,0.36669324118064334,2021-01-13 11:11:22.252299
temp/evaluation/coreg_ddems/station_1533_ddem.tif,unclear,6.555114376,7501.0,0.193743709027468,2021-01-13 11:11:22.252299
temp/evaluation/coreg_ddems/station_5478_ddem.tif,good,4.700735865,9469.0,4.225180327912413,2021-01-13 11:11:22.252299
temp/evaluation/coreg_ddems/station_0006_ddem.tif,good,3.953449383,32487.0,0.3346275979477289,2021-01-13 11:11:22.252299
temp/evaluation/coreg_ddems/station_5448_ddem.tif,unclear,9.252282989,18594.0,3.7993602815828678,2021-01-13 11:11:22.252299
temp/evaluation/coreg_ddems/station_6309_ddem.tif,unclear,4.882475794,157815.0,0.753781680333128,2021-01-13 11:11:22.252299
temp/evaluation/coreg_ddems/station_2546_ddem.tif,bad,13.18406008,30520.0,0.559773742415809,2021-01-13 11:11:22.252299
temp/evaluation/coreg_ddems/station_3556_ddem.tif,good,2.077886441,22813.0,0.8954364746507832,2021-01-13 11:11:22.252299
temp/evaluation/coreg_ddems/station_3561_ddem.tif,good,5.789019088,152944.0,0.5131465764819466,2021-01-13 11:11:22.252299
temp/evaluation/coreg_ddems/station_3255_ddem.tif,bad,42.06286783,207135.0,2.418283838392846,2021-01-13 11:11:22.252299
temp/evaluation/coreg_ddems/station_6355_ddem.tif,good,3.224207612,30689.0,0.21208296297467744,2021-01-13 11:11:22.252299
temp/evaluation/coreg_ddems/station_3571_ddem.tif,good,5.127313255,63643.0,0.209672096209427,2021-01-13 11:11:22.252299
temp/evaluation/coreg_ddems/station_6315_ddem.tif,good,6.111831293,43452.0,0.9338975262103482,2021-01-13 11:11:22.252299
temp/evaluation/coreg_ddems/station_5908_ddem.tif,good,6.07689548,26759.0,1.3013346838822484,2021-01-13 11:11:22.252299
temp/evaluation/coreg_ddems/station_5843_ddem.tif,good,4.208964617,25831.0,0.48051859563144095,2021-01-13 11:11:22.252299
temp/evaluation/coreg_ddems/station_6319_ddem.tif,good,3.806229448,55561.0,0.8324336785646089,2021-01-13 11:11:22.252299
temp/evaluation/coreg_ddems/station_1522_ddem.tif,good,4.826850468,54608.0,0.7537101613242624,2021-01-13 11:11:22.252299
temp/evaluation/coreg_ddems/station_3883_ddem.tif,unclear,8.027059184,117518.0,0.47587108563381825,2021-01-13 11:11:22.252299
temp/evaluation/coreg_ddems/station_3232_ddem.tif,bad,14.14782753,7383.0,3.5659035021672456,2021-01-13 11:11:22.252299
temp/evaluation/coreg_ddems/station_4738_ddem.tif,bad,18.5512572,15150.0,5.902580082150615,2021-01-13 11:11:22.252299
temp/evaluation/coreg_ddems/station_3236_ddem.tif,unclear,8.164827452,30637.0,1.8839727152695689,2021-01-13 11:11:22.252299
temp/evaluation/coreg_ddems/station_4019_ddem.tif,bad,71.77499351,5435.0,45.586041879558344,2021-01-13 11:11:22.252299
temp/evaluation/coreg_ddems/station_3570_ddem.tif,good,4.808014083,50692.0,0.3639694365657821,2021-01-13 11:11:22.252299
temp/evaluation/coreg_ddems/station_4716_ddem.tif,bad,15.00906608,5838.0,1.3948469005958333,2021-01-13 11:11:22.252299
temp/evaluation/coreg_ddems/station_0027_ddem.tif,good,7.144741184,212879.0,0.7544245529422484,2021-01-13 11:11:22.252299
temp/evaluation/coreg_ddems/station_5450_ddem.tif,unclear,9.370631802,77927.0,3.6415885823182506,2021-01-13 11:11:22.252299
temp/evaluation/coreg_ddems/station_1282_ddem.tif,bad,9.599179836,6637.0,1.401443584120191,2021-01-13 11:11:22.252299
temp/evaluation/coreg_ddems/station_6327_ddem.tif,bad,12.50664718,9852.0,2.3487702214444655,2021-01-13 11:11:22.252299
temp/evaluation/coreg_ddems/station_5906_ddem.tif,good,3.71594679,79543.0,0.5527334740296224,2021-01-13 11:11:22.252299
temp/evaluation/coreg_ddems/station_5472_ddem.tif,bad,11.82557971,53938.0,2.740845234443175,2021-01-13 11:11:22.252299
temp/evaluation/coreg_ddems/station_2561_ddem.tif,bad,9.170600121,49220.0,0.8204034533143361,2021-01-13 11:11:22.252299
temp/evaluation/coreg_ddems/station_0015_ddem.tif,good,3.131052119,74649.0,0.6198352793238009,2021-01-13 11:11:22.252299
temp/evaluation/coreg_ddems/station_0011_ddem.tif,unclear,6.528011215,197701.0,0.3780993221793249,2021-01-13 11:11:22.252299
temp/evaluation/coreg_ddems/station_2538_ddem.tif,bad,14.75900956,34140.0,1.4941649402723423,2021-01-13 11:11:22.252299
temp/evaluation/coreg_ddems/station_4743_ddem.tif,bad,23.62429156,9076.0,3.8082477076797416,2021-01-13 11:11:22.252299
temp/evaluation/coreg_ddems/station_5466_ddem.tif,unclear,12.26350513,55810.0,2.619717633320967,2021-01-13 11:11:22.252299
temp/evaluation/coreg_ddems/station_6339_ddem.tif,good,5.45517959,87347.0,1.0114325427248303,2021-01-13 11:11:22.252299
temp/evaluation/coreg_ddems/station_5422_ddem.tif,bad,16.25834884,146113.0,2.7114802596987655,2021-01-13 11:11:22.252299
temp/evaluation/coreg_ddems/station_1534_ddem.tif,good,6.643414497,221759.0,0.4335972075424833,2021-01-13 11:11:22.252299
temp/evaluation/coreg_ddems/station_4745_ddem.tif,bad,91.42261178,24599.0,4.017910092171274,2021-01-13 11:11:22.252299
temp/evaluation/coreg_ddems/station_2563_ddem.tif,unclear,6.381981997,25156.0,1.936028899883336,2021-01-13 11:11:22.252299
temp/evaluation/coreg_ddems/station_2527_ddem.tif,bad,9.962047156,5289.0,2.9633396672473857,2021-01-13 11:11:22.252299
temp/evaluation/coreg_ddems/station_0032_ddem.tif,good,5.499308876,120745.0,0.44666610816337315,2021-01-13 11:11:22.252299
temp/evaluation/coreg_ddems/station_5477_ddem.tif,unclear,11.22870857,69112.0,3.981505368965706,2021-01-13 11:11:22.252299
temp/evaluation/coreg_ddems/station_3569_ddem.tif,bad,9.741873249,82793.0,0.9611131777710699,2021-01-13 11:11:22.252299
temp/evaluation/coreg_ddems/station_6329_ddem.tif,bad,10.20593493,256227.0,0.5954559782096775,2021-01-13 11:11:22.252299
temp/evaluation/coreg_ddems/station_6338_ddem.tif,good,4.187053752,252192.0,0.30391860985578795,2021-01-13 11:11:22.252299
temp/evaluation/coreg_ddems/station_2540_ddem.tif,bad,13.23093506,38303.0,2.1659200645987027,2021-01-13 11:11:22.252299
temp/evaluation/coreg_ddems/station_0004_ddem.tif,unclear,4.410009624,44093.0,0.3339050236495968,2021-01-13 11:11:22.252299
temp/evaluation/coreg_ddems/station_5427_ddem.tif,unclear,7.193531869,30438.0,4.1051135181608736,2021-01-13 11:11:22.252299
temp/evaluation/coreg_ddems/station_3882_ddem.tif,good,3.144067501,173380.0,0.37811847909682583,2021-01-13 11:11:22.252299
temp/evaluation/coreg_ddems/station_4707_ddem.tif,bad,15.9043404,19434.0,3.1956331770836788,2021-01-13 11:11:22.252299
temp/evaluation/coreg_ddems/station_4021_ddem.tif,unclear,5.655717702,134097.0,0.2928682627544103,2021-01-13 11:11:22.252299
temp/evaluation/coreg_ddems/station_0024_ddem.tif,good,5.170065666,162783.0,0.41904069979837344,2021-01-13 11:11:22.252299
temp/evaluation/coreg_ddems/station_5444_ddem.tif,unclear,10.65528294,22010.0,2.5152124315007525,2021-01-13 11:11:22.252299
temp/evaluation/coreg_ddems/station_5469_ddem.tif,unclear,8.127046066,21136.0,3.6175922728561383,2021-01-13 11:11:22.252299
temp/evaluation/coreg_ddems/station_0029_ddem.tif,unclear,10.84353172,189498.0,0.5643724146180646,2021-01-13 11:11:22.252299
temp/evaluation/coreg_ddems/station_0030_ddem.tif,good,3.819569765,110971.0,0.380591282690846,2021-01-13 11:11:22.252299
temp/evaluation/coreg_ddems/station_4017_ddem.tif,good,5.437617157,69372.0,1.1609730489537655,2021-01-13 11:11:22.252299
temp/evaluation/coreg_ddems/station_5431_ddem.tif,bad,23.53886735,24133.0,2.762656294150941,2021-01-13 11:11:22.252299
temp/evaluation/coreg_ddems/station_1281_ddem.tif,bad,3.294202002,8.0,5.8664575924830595,2021-01-13 11:11:22.252299
temp/evaluation/coreg_ddems/station_6317_ddem.tif,good,3.200788121,30918.0,0.8086989923318729,2021-01-13 11:11:22.252299
temp/evaluation/coreg_ddems/station_4025_ddem.tif,bad,78.08481737,3794.0,45.50698687469233,2021-01-13 11:11:22.252299
temp/evaluation/coreg_ddems/station_1271_ddem.tif,unclear,6.819025863,88682.0,0.505918113131482,2021-01-13 11:11:22.252299
temp/evaluation/coreg_ddems/station_3565_ddem.tif,unclear,10.97250657,742939.0,0.8101323333018315,2021-01-13 11:11:22.252299
temp/evaluation/coreg_ddems/station_1285_ddem.tif,bad,10.90190798,55496.0,0.7033707846103333,2021-01-13 11:11:22.252299
temp/evaluation/coreg_ddems/station_0042_ddem.tif,good,1.563764784,14292.0,1.1089062417604822,2021-01-13 11:11:22.252299
temp/evaluation/coreg_ddems/station_6307_ddem.tif,unclear,7.306638067,292512.0,0.32145059732595843,2021-01-13 11:11:22.252299
temp/evaluation/coreg_ddems/station_2330_ddem.tif,good,3.145537842,17196.0,0.3372290968032364,2021-01-13 11:11:22.252299
temp/evaluation/coreg_ddems/station_4011_ddem.tif,good,3.526541896,98145.0,0.32649205399718845,2021-01-13 11:11:22.252299
temp/evaluation/coreg_ddems/station_5913_ddem.tif,good,2.505325649,66149.0,0.24407414516295298,2021-01-13 11:11:22.252299
temp/evaluation/coreg_ddems/station_6353_ddem.tif,good,3.014529858,74159.0,0.37579762066971145,2021-01-13 11:11:22.252299
temp/evaluation/coreg_ddems/station_4725_ddem.tif,bad,48.3649506,73308.0,9.708156565819461,2021-01-13 11:11:22.252299
temp/evaluation/coreg_ddems/station_3558_ddem.tif,unclear,8.645588896,21982.0,2.2043652440377635,2021-01-13 11:11:22.252299
temp/evaluation/coreg_ddems/station_2533_ddem.tif,unclear,10.36955189,707.0,2.7092277932445787,2021-01-13 11:11:22.252299
temp/evaluation/coreg_ddems/station_6363_ddem.tif,good,5.454679373,442660.0,0.2617529083880262,2021-01-13 11:11:22.252299
temp/evaluation/coreg_ddems/station_0040_ddem.tif,good,1.831403199,73295.0,0.04554616390055237,2021-01-13 11:11:22.252299
temp/evaluation/coreg_ddems/station_1541_ddem.tif,good,4.388095976,60812.0,0.6192320984303105,2021-01-13 11:11:22.252299
temp/evaluation/coreg_ddems/station_2312_ddem.tif,unclear,7.829411927,237073.0,0.35019147742680784,2021-01-13 11:11:22.252299
temp/evaluation/coreg_ddems/station_3586_ddem.tif,unclear,5.538009026,27079.0,1.621432985689988,2021-01-13 11:11:22.252299
temp/evaluation/coreg_ddems/station_3560_ddem.tif,good,3.085940577,133904.0,0.5759577538027401,2021-01-13 11:11:22.252299
temp/evaluation/coreg_ddems/station_3231_ddem.tif,bad,35.34793244,90219.0,8.012657056805,2021-01-13 11:11:22.252299
temp/evaluation/coreg_ddems/station_3788_ddem.tif,unclear,8.838857246,168989.0,1.4583213922179616,2021-01-13 11:11:22.252299
temp/evaluation/coreg_ddems/station_4278_ddem.tif,good,2.664022853,21872.0,1.5574483068740188,2021-01-13 11:11:22.252299
temp/evaluation/coreg_ddems/station_2532_ddem.tif,bad,22.82705695,22631.0,3.1494161132403824,2021-01-13 11:11:22.252299
temp/evaluation/coreg_ddems/station_3010_ddem.tif,good,3.788502678,133083.0,0.7269999132134195,2021-01-13 11:11:22.252299
temp/evaluation/coreg_ddems/station_4534_ddem.tif,good,3.563619508,15283.0,0.4144158987312825,2021-01-13 11:11:22.252299
temp/evaluation/coreg_ddems/station_3798_ddem.tif,good,8.249363474,50519.0,1.410370057182718,2021-01-13 11:11:22.252299
temp/evaluation/coreg_ddems/station_4315_ddem.tif,good,3.498741301,44248.0,0.5278506363430626,2021-01-13 11:11:22.252299
temp/evaluation/coreg_ddems/station_4566_ddem.tif,good,3.012806337,55282.0,1.4249995151933426,2021-01-13 11:11:22.252299
temp/evaluation/coreg_ddems/station_4524_ddem.tif,good,6.190206146,153550.0,2.789064565939112,2021-01-13 11:11:22.252299
temp/evaluation/coreg_ddems/station_6324_ddem.tif,good,6.13870668,9970.0,0.6887139241206426,2021-01-13 11:11:22.252299
temp/evaluation/coreg_ddems/station_2990_ddem.tif,good,4.7071054,247117.0,0.7042580352102243,2021-01-13 11:11:22.252299
temp/evaluation/coreg_ddems/station_2569_ddem.tif,bad,27.21046338,97392.0,1.6427674294492567,2021-01-13 11:11:22.252299
temp/evaluation/coreg_ddems/station_5283_ddem.tif,unclear,6.908501089,75328.0,0.6248557699879871,2021-01-13 11:11:22.252299
temp/evaluation/coreg_ddems/station_4562_ddem.tif,good,3.798741622,7632.0,0.35594440803273086,2021-01-13 11:11:22.252299
temp/evaluation/coreg_ddems/station_1519_ddem.tif,good,10.23775084,222856.0,0.5120076528642624,2021-01-13 11:11:22.252299
temp/evaluation/coreg_ddems/station_6358_ddem.tif,unclear,10.31089962,492343.0,0.6320371815826157,2021-01-13 11:11:22.252299
temp/evaluation/coreg_ddems/station_4529_ddem.tif,good,4.167077463,70909.0,1.4341745026573247,2021-01-13 11:11:22.252299
temp/evaluation/coreg_ddems/station_1288_ddem.tif,bad,26.83063262,36552.0,1.334118422297485,2021-01-13 11:11:22.252299
temp/evaluation/coreg_ddems/station_2997_ddem.tif,unclear,10.70053501,368492.0,0.510049220401369,2021-01-13 11:11:22.252299
temp/evaluation/coreg_ddems/station_2997_ddem.tif,good,10.70053501,368492.0,0.510049220401369,2021-01-13 11:11:22.252299
temp/evaluation/coreg_ddems/station_4303_ddem.tif,good,4.046958146,23182.0,0.19762486158669235,2021-01-13 11:11:22.252299
temp/evaluation/coreg_ddems/station_3816_ddem.tif,bad,11.76710403,611816.0,1.4982319656462528,2021-01-13 11:11:22.252299
temp/evaluation/coreg_ddems/station_4289_ddem.tif,good,2.763721011,48232.0,0.2865934264686858,2021-01-13 11:11:22.252299
temp/evaluation/coreg_ddems/station_5811_ddem.tif,unclear,8.307311872,232263.0,0.8563821172389028,2021-01-13 11:11:22.252299
temp/evaluation/coreg_ddems/station_4284_ddem.tif,good,4.039864782,149088.0,0.441187861372005,2021-01-13 11:11:22.252299
temp/evaluation/coreg_ddems/station_1280_ddem.tif,good,8.138779971,32136.0,0.3186694565539847,2021-01-13 11:11:22.252299
temp/evaluation/coreg_ddems/station_0012_ddem.tif,good,3.361272079,89197.0,0.24560485474271435,2021-01-13 11:11:22.252299
temp/evaluation/coreg_ddems/station_5810_ddem.tif,unclear,8.423099834,5017.0,1.6580409762350854,2021-01-13 11:11:22.252299
temp/evaluation/coreg_ddems/station_5810_ddem.tif,good,8.423099834,5017.0,1.6580409762350854,2021-01-13 11:11:22.252299
temp/evaluation/coreg_ddems/station_5810_ddem.tif,unclear,8.423099834,5017.0,1.6580409762350854,2021-01-13 11:11:22.252299
temp/evaluation/coreg_ddems/station_3694_ddem.tif,unclear,10.02344524,85532.0,0.4180170063846857,2021-01-13 11:11:22.252299
temp/evaluation/coreg_ddems/station_4730_ddem.tif,bad,62.52285258,11929.0,5.8810123502319795,2021-01-13 11:11:22.252299
temp/evaluation/coreg_ddems/station_1888_ddem.tif,good,5.397590689,83453.0,0.31750213018049034,2021-01-13 11:11:22.252299
temp/evaluation/coreg_ddems/station_3866_ddem.tif,good,3.156581546,79646.0,0.1765857672485015,2021-01-13 11:11:22.252299
temp/evaluation/coreg_ddems/station_4510_ddem.tif,good,2.857896825,64654.0,0.38997499062916,2021-01-13 11:11:22.252299
temp/evaluation/coreg_ddems/station_6350_ddem.tif,good,4.460624632,105673.0,0.8903329154730711,2021-01-13 11:11:22.252299
temp/evaluation/coreg_ddems/station_1537_ddem.tif,good,4.043349504,73977.0,0.25916064874720196,2021-01-13 11:11:22.252299
temp/evaluation/coreg_ddems/station_4291_ddem.tif,unclear,10.09098363,50993.0,2.1901638884259347,2021-01-13 11:11:22.252299
temp/evaluation/coreg_ddems/station_0034_ddem.tif,good,5.710786822,138077.0,0.1343102381367111,2021-01-13 11:11:22.252299
temp/evaluation/coreg_ddems/station_4513_ddem.tif,unclear,3.535789562,4.0,0.0,2021-01-13 11:11:22.252299
temp/evaluation/coreg_ddems/station_3804_ddem.tif,bad,20.09743038,10204.0,6.406575471282099,2021-01-13 11:11:22.252299
temp/evaluation/coreg_ddems/station_5889_ddem.tif,good,6.955003204,28521.0,1.4289423479476944,2021-01-13 11:11:22.252299
temp/evaluation/coreg_ddems/station_6306_ddem.tif,unclear,9.183532472,478017.0,0.17626629749500705,2021-01-13 11:11:22.252299
temp/evaluation/coreg_ddems/station_5282_ddem.tif,unclear,16.21598039,303167.0,0.9739404869237042,2021-01-13 11:11:22.252299
temp/evaluation/coreg_ddems/station_2309_ddem.tif,good,4.044774261,21416.0,0.7172163151931151,2021-01-13 11:11:22.252299
temp/evaluation/coreg_ddems/station_2998_ddem.tif,good,10.48622508,244512.0,1.3404979406415054,2021-01-13 11:11:22.252299
temp/evaluation/coreg_ddems/station_5285_ddem.tif,good,5.045541826,425971.0,0.5363127125720898,2021-01-13 11:11:22.252299
temp/evaluation/coreg_ddems/station_4757_ddem.tif,bad,13.58499776,14293.0,2.4978979126911827,2021-01-13 11:11:22.252299
temp/evaluation/coreg_ddems/station_4307_ddem.tif,good,2.584808406,44986.0,0.15640000274594443,2021-01-13 11:11:22.252299
temp/evaluation/coreg_ddems/station_3524_ddem.tif,good,4.60140393,150929.0,0.13203074174359167,2021-01-13 11:11:22.252299
temp/evaluation/coreg_ddems/station_4012_ddem.tif,good,2.267413446,7374.0,0.7363526080073879,2021-01-13 11:11:22.252299
temp/evaluation/coreg_ddems/station_4012_ddem.tif,good,2.267413446,7374.0,0.7363526080073879,2021-01-13 11:11:22.252299
temp/evaluation/coreg_ddems/station_1887_ddem.tif,good,4.069310383,133162.0,0.31733823820658075,2021-01-13 11:11:22.252299
temp/evaluation/coreg_ddems/station_3830_ddem.tif,good,8.31834523,79875.0,1.0874883287878157,2021-01-13 11:11:22.252299
temp/evaluation/coreg_ddems/station_4549_ddem.tif,unclear,15.77010362,134864.0,0.9804906982234791,2021-01-13 11:11:22.252299
temp/evaluation/coreg_ddems/station_3693_ddem.tif,bad,202.222342,456522.0,38.89684245000396,2021-01-13 11:11:22.252299
temp/evaluation/coreg_ddems/station_1277_ddem.tif,unclear,9.731565352,44207.0,1.083403917314649,2021-01-13 11:11:22.252299
temp/evaluation/coreg_ddems/station_5847_ddem.tif,good,1.877574833,19155.0,0.10521782620940151,2021-01-13 11:11:22.252299
temp/evaluation/coreg_ddems/station_0037_ddem.tif,good,9.570058917,141933.0,1.2619682402816172,2021-01-13 11:11:22.252299
temp/evaluation/coreg_ddems/station_5794_ddem.tif,bad,76.00242365,3752.0,42.8327217080423,2021-01-13 11:11:22.252299
temp/evaluation/coreg_ddems/station_5879_ddem.tif,good,2.934309034,19249.0,0.6823544733415778,2021-01-13 11:11:22.252299
temp/evaluation/coreg_ddems/station_3568_ddem.tif,good,4.537563957,75399.0,0.4957232885353149,2021-01-13 11:11:22.252299
temp/evaluation/coreg_ddems/station_5828_ddem.tif,good,5.166475637,104548.0,0.9756594799729057,2021-01-13 11:11:22.252299
temp/evaluation/coreg_ddems/station_5655_ddem.tif,bad,0.3812448943,8.0,22.23514486163456,2021-01-13 11:11:22.252299
temp/evaluation/coreg_ddems/station_5830_ddem.tif,good,3.323445426,93367.0,0.29984599640555576,2021-01-13 11:11:22.252299
temp/evaluation/coreg_ddems/station_5915_ddem.tif,good,1.256260495,11178.0,0.11110357739119915,2021-01-13 11:11:22.252299
temp/evaluation/coreg_ddems/station_5289_ddem.tif,good,1.356987489,9290.0,0.08034167655099893,2021-01-13 11:11:22.252299
temp/evaluation/coreg_ddems/station_3829_ddem.tif,good,3.669098675,55442.0,1.704064246701051,2021-01-13 11:11:22.252299
temp/evaluation/coreg_ddems/station_5890_ddem.tif,good,3.582914349,70523.0,0.7367160089136254,2021-01-13 11:11:22.252299
temp/evaluation/coreg_ddems/station_3696_ddem.tif,good,2.993289686,46169.0,0.1308683814494329,2021-01-13 11:11:22.252299
temp/evaluation/coreg_ddems/station_5914_ddem.tif,good,4.479705864,56452.0,0.5109475386462686,2021-01-13 11:11:22.252299
temp/evaluation/coreg_ddems/station_6337_ddem.tif,unclear,10.74470002,88021.0,1.3881275449905552,2021-01-13 11:11:22.252299
temp/evaluation/coreg_ddems/station_3011_ddem.tif,good,3.276526747,215455.0,0.5558178178713872,2021-01-13 11:11:22.252299
temp/evaluation/coreg_ddems/station_3697_ddem.tif,good,2.011708575,34310.0,0.222854498512066,2021-01-13 11:11:22.252299
temp/evaluation/coreg_ddems/station_6481_ddem.tif,good,6.549372347,93355.0,1.0132441461725965,2021-01-13 11:11:22.252299
temp/evaluation/coreg_ddems/station_1275_ddem.tif,good,7.006598861,96427.0,0.7046627979489226,2021-01-13 11:11:22.252299
temp/evaluation/coreg_ddems/station_5286_ddem.tif,good,4.605776893,87773.0,0.48141053063772643,2021-01-13 11:11:22.252299
temp/evaluation/coreg_ddems/station_3839_ddem.tif,unclear,22.95789548,81480.0,2.6132653989149475,2021-01-13 11:11:22.252299
temp/evaluation/coreg_ddems/station_4314_ddem.tif,unclear,4.753509134,16049.0,0.970146121877814,2021-01-13 11:11:22.252299
temp/evaluation/coreg_ddems/station_4317_ddem.tif,good,2.520338202,18157.0,0.5213745251759024,2021-01-13 11:11:22.252299
temp/evaluation/coreg_ddems/station_5842_ddem.tif,good,2.190522191,18073.0,0.21291404870304556,2021-01-13 11:11:22.252299
temp/evaluation/coreg_ddems/station_4295_ddem.tif,good,5.568743925,264050.0,0.7180481575207172,2021-01-13 11:11:22.252299
temp/evaluation/coreg_ddems/station_3787_ddem.tif,good,4.302040162,66141.0,1.148299523321245,2021-01-13 11:11:22.252299
temp/evaluation/coreg_ddems/station_3700_ddem.tif,good,3.476072834,42345.0,0.10221723630943312,2021-01-13 11:11:22.252299
temp/evaluation/coreg_ddems/station_3867_ddem.tif,good,1.382797963,47086.0,0.2627637207576105,2021-01-13 11:11:22.252299
temp/evaluation/coreg_ddems/station_4564_ddem.tif,good,2.676765261,37208.0,0.5847007193960898,2021-01-13 11:11:22.252299
temp/evaluation/coreg_ddems/station_5439_ddem.tif,bad,13.34308199,10889.0,4.531459274193738,2021-01-13 11:11:22.252299
temp/evaluation/coreg_ddems/station_4520_ddem.tif,good,4.21766334,64993.0,0.9673735854928339,2021-01-13 11:11:22.252299
temp/evaluation/coreg_ddems/station_4305_ddem.tif,unclear,7.404908604,105874.0,0.6085562535632957,2021-01-13 11:11:22.252299
temp/evaluation/coreg_ddems/station_5436_ddem.tif,bad,8.243620953,25462.0,4.414790338534656,2021-01-13 11:11:22.252299
temp/evaluation/coreg_ddems/station_3819_ddem.tif,bad,9.702599367,320401.0,1.0723732654091658,2021-01-13 11:11:22.252299
temp/evaluation/coreg_ddems/station_3253_ddem.tif,bad,5.331025135,88.0,22.390726893356153,2021-01-13 11:11:22.252299
temp/evaluation/coreg_ddems/station_2534_ddem.tif,bad,13.53306153,4132.0,2.8854422286735795,2021-01-13 11:11:22.252299
temp/evaluation/coreg_ddems/station_4302_ddem.tif,bad,324.2771216,24264.0,51.444166575685465,2021-01-13 11:11:22.252299
temp/evaluation/coreg_ddems/station_6860_ddem.tif,good,6.16421761,182841.0,0.5725460342704407,2021-01-13 11:11:22.252299
temp/evaluation/coreg_ddems/station_5434_ddem.tif,good,5.787251741,11321.0,5.576861417362555,2021-01-13 11:11:22.252299
temp/evaluation/coreg_ddems/station_6326_ddem.tif,unclear,12.27439888,141318.0,1.4057260293416833,2021-01-13 11:11:22.252299
temp/evaluation/coreg_ddems/station_6720_ddem.tif,bad,16.95616675,1167.0,3.9065301485752935,2021-01-13 11:11:22.252299
temp/evaluation/coreg_ddems/station_5900_ddem.tif,good,8.796715498,338963.0,0.36643050686888573,2021-01-13 11:11:22.252299
temp/evaluation/coreg_ddems/station_3802_ddem.tif,bad,3.803995757,13589.0,1.6687585919311592,2021-01-13 11:11:22.252299
temp/evaluation/coreg_ddems/station_4275_ddem.tif,good,7.910985498,791626.0,0.5117836209447407,2021-01-13 11:11:22.252299
temp/evaluation/coreg_ddems/station_4282_ddem.tif,good,5.855875235,56517.0,0.5948940984807166,2021-01-13 11:11:22.252299
temp/evaluation/coreg_ddems/station_1529_ddem.tif,good,7.747999959,14000.0,0.25764879161636917,2021-01-13 11:11:22.252299
temp/evaluation/coreg_ddems/station_4569_ddem.tif,good,3.505318199,18665.0,0.07382320061590067,2021-01-13 11:11:22.252299
temp/evaluation/coreg_ddems/station_3243_ddem.tif,bad,160.6989418,13590.0,16.07298565617534,2021-01-13 11:11:22.252299
temp/evaluation/coreg_ddems/station_4563_ddem.tif,unclear,8.76912306,30145.0,1.1044531099756594,2021-01-13 11:11:22.252299
temp/evaluation/coreg_ddems/station_4015_ddem.tif,good,5.314052546,77840.0,0.985673105588248,2021-01-13 11:11:22.252299
temp/evaluation/coreg_ddems/station_3786_ddem.tif,good,5.638690132,47239.0,1.3398854911656715,2021-01-13 11:11:22.252299
temp/evaluation/coreg_ddems/station_5443_ddem.tif,unclear,7.802854874,17792.0,3.3955023537469557,2021-01-13 11:11:22.252299
temp/evaluation/coreg_ddems/station_2993_ddem.tif,good,5.411059135,103656.0,1.3660621398533543,2021-01-13 11:11:22.252299
temp/evaluation/coreg_ddems/station_4755_ddem.tif,unclear,9.216981879,2884.0,3.469762090044098,2021-01-13 11:11:22.252299
temp/evaluation/coreg_ddems/station_3531_ddem.tif,unclear,5.72682507,10532.0,4.154878432255146,2021-01-13 11:11:22.252299
temp/evaluation/coreg_ddems/station_4279_ddem.tif,good,4.43548388,61817.0,0.7624744380636262,2021-01-13 11:11:22.252299
temp/evaluation/coreg_ddems/station_5480_ddem.tif,bad,6.807056866,72655.0,0.8503781807356486,2021-01-13 11:11:22.252299
temp/evaluation/coreg_ddems/station_3814_ddem.tif,good,2.53373673,51902.0,1.239120858894883,2021-01-13 11:11:22.252299
temp/evaluation/coreg_ddems/station_1889_ddem.tif,good,3.478531728,47116.0,0.29610094403683956,2021-01-13 11:11:22.252299
temp/evaluation/coreg_ddems/station_6718_ddem.tif,unclear,14.89063324,59367.0,3.3933594442384636,2021-01-13 11:11:22.252299
temp/evaluation/coreg_ddems/station_4276_ddem.tif,good,3.528175262,53799.0,0.5708033341850371,2021-01-13 11:11:22.252299
temp/evaluation/coreg_ddems/station_3800_ddem.tif,bad,12.83356704,211720.0,1.0423515284537141,2021-01-13 11:11:22.252299
temp/evaluation/coreg_ddems/station_4547_ddem.tif,good,4.8939197,62195.0,0.9270557524147429,2021-01-13 11:11:22.252299
temp/evaluation/coreg_ddems/station_2544_ddem.tif,bad,80.80895068,2160.0,10.234957802950355,2021-01-13 11:11:22.252299
temp/evaluation/coreg_ddems/station_6856_ddem.tif,good,1.802922961,73572.0,0.07106126891204885,2021-01-13 11:11:22.252299
temp/evaluation/coreg_ddems/station_5636_ddem.tif,bad,24.87110136,21584.0,4.90339597217126,2021-01-13 11:11:22.252299
temp/evaluation/coreg_ddems/station_4288_ddem.tif,good,3.482325097,75685.0,0.7526460164191922,2021-01-13 11:11:22.252299
temp/evaluation/coreg_ddems/station_4280_ddem.tif,good,4.56075293,96541.0,0.23043176162081921,2021-01-13 11:11:22.252299
temp/evaluation/coreg_ddems/station_4525_ddem.tif,unclear,10.12749448,56705.0,1.2496518039792759,2021-01-13 11:11:22.252299
temp/evaluation/coreg_ddems/station_5278_ddem.tif,good,3.478749666,121633.0,0.5160193015174233,2021-01-13 11:11:22.252299
temp/evaluation/coreg_ddems/station_4691_ddem.tif,bad,41.684955,156453.0,6.981596934181459,2021-01-13 11:11:22.252299
temp/evaluation/coreg_ddems/station_3843_ddem.tif,good,4.239706285,127822.0,1.29653911432856,2021-01-13 11:11:22.252299
temp/evaluation/coreg_ddems/station_5277_ddem.tif,good,2.789581495,145081.0,0.6787286981900508,2021-01-13 11:11:22.252299
temp/evaluation/coreg_ddems/station_4533_ddem.tif,good,2.54766049,4703.0,1.2330703485004673,2021-01-13 11:11:22.252299
temp/evaluation/coreg_ddems/station_6858_ddem.tif,good,2.82337928,82095.0,0.5183642714994794,2021-01-13 11:11:22.252299
temp/evaluation/coreg_ddems/station_4308_ddem.tif,bad,134.356447,13313.0,14.874015390866573,2021-01-13 11:11:22.252299
temp/evaluation/coreg_ddems/station_4729_ddem.tif,bad,25.30102887,30.0,28.68593495389849,2021-01-13 11:11:22.252299
temp/evaluation/coreg_ddems/station_3701_ddem.tif,good,8.159403066,106981.0,0.9859513600271743,2021-01-13 11:11:22.252299
temp/evaluation/coreg_ddems/station_5276_ddem.tif,good,4.338115409,187726.0,0.3394776215864587,2021-01-13 11:11:22.252299
temp/evaluation/coreg_ddems/station_5291_ddem.tif,unclear,7.820678559,265118.0,0.7792129982055789,2021-01-13 11:11:22.252299
temp/evaluation/coreg_ddems/station_5288_ddem.tif,good,2.433758315,46756.0,0.1336241225493646,2021-01-13 11:11:22.252299
temp/evaluation/coreg_ddems/station_4285_ddem.tif,good,3.421002651,103238.0,0.38605014481613686,2021-01-13 11:11:22.252299
temp/evaluation/coreg_ddems/station_2568_ddem.tif,bad,19.07732255,149415.0,1.2874177860772518,2021-01-13 11:11:22.252299
temp/evaluation/coreg_ddems/station_5471_ddem.tif,unclear,10.90998008,127138.0,2.582824339765265,2021-01-13 11:11:22.252299
temp/evaluation/coreg_ddems/station_4283_ddem.tif,good,5.863129957,157708.0,0.7059447989954725,2021-01-13 11:11:22.252299
temp/evaluation/coreg_ddems/station_2986_ddem.tif,unclear,6.44834551,316737.0,0.7551929976974642,2021-01-13 11:11:22.252299
temp/evaluation/coreg_ddems/station_5815_ddem.tif,good,4.244597402,142304.0,0.6207473840691836,2021-01-13 11:11:22.252299
temp/evaluation/coreg_ddems/station_3535_ddem.tif,unclear,7.297672463,458971.0,0.3340816569634408,2021-01-13 11:11:22.252299
temp/evaluation/coreg_ddems/station_6360_ddem.tif,unclear,6.819607908,254576.0,0.585626084416445,2021-01-13 11:11:22.252299
temp/evaluation/coreg_ddems/station_6349_ddem.tif,good,3.301649191,84221.0,0.6384731527894396,2021-01-13 11:11:22.252299
temp/evaluation/coreg_ddems/station_4699_ddem.tif,bad,40.49565252,160473.0,9.07763227497278,2021-01-13 11:11:22.252299
temp/evaluation/coreg_ddems/station_3820_ddem.tif,bad,12.13196349,142242.0,2.377994006678653,2021-01-13 11:11:22.252299
temp/evaluation/coreg_ddems/station_4271_ddem.tif,good,6.092190535,45624.0,0.7952719443748758,2021-01-13 11:11:22.252299
temp/evaluation/coreg_ddems/station_3810_ddem.tif,bad,11.94865137,46280.0,1.5703980223250442,2021-01-13 11:11:22.252299
temp/evaluation/coreg_ddems/station_6859_ddem.tif,good,3.619038795,65141.0,0.1783753289693997,2021-01-13 11:11:22.252299
temp/evaluation/coreg_ddems/station_2524_ddem.tif,bad,27.69503057,6061.0,4.733915026461611,2021-01-13 11:11:22.252299
temp/evaluation/coreg_ddems/station_6855_ddem.tif,good,4.671044831,214973.0,0.4692833571658768,2021-01-13 11:11:22.252299
temp/evaluation/coreg_ddems/station_3825_ddem.tif,good,3.407640755,28187.0,0.970982038765267,2021-01-13 11:11:22.252299
temp/evaluation/coreg_ddems/station_4316_ddem.tif,good,3.663992785,173316.0,1.2586619671811115,2021-01-13 11:11:22.252299
temp/evaluation/coreg_ddems/station_5442_ddem.tif,bad,13.50431235,6993.0,3.541920249713431,2021-01-13 11:11:22.252299
temp/evaluation/coreg_ddems/station_4286_ddem.tif,good,5.278289911,85713.0,1.1418293288611645,2021-01-13 11:11:22.252299
temp/evaluation/coreg_ddems/station_3537_ddem.tif,bad,109.7829509,28421.0,26.85298305841455,2021-01-13 11:11:22.252299
temp/evaluation/coreg_ddems/station_1886_ddem.tif,bad,10.77688631,156615.0,0.7018530536788842,2021-01-13 11:11:22.252299
temp/evaluation/coreg_ddems/station_4552_ddem.tif,good,7.460633559,194642.0,0.6033583564054438,2021-01-13 11:11:22.252299
temp/evaluation/coreg_ddems/station_6482_ddem.tif,unclear,12.13426188,36923.0,1.8829128900789893,2021-01-13 11:11:22.252299
temp/evaluation/coreg_ddems/station_4695_ddem.tif,bad,39.29075521,64338.0,11.086755940842759,2021-01-13 11:11:22.252299
temp/evaluation/coreg_ddems/station_6345_ddem.tif,good,6.604688323,30619.0,0.819197618679885,2021-01-13 11:11:22.252299
temp/evaluation/coreg_ddems/station_4274_ddem.tif,good,5.523309736,372171.0,1.2189679103097102,2021-01-13 11:11:22.252299
temp/evaluation/coreg_ddems/station_6484_ddem.tif,good,2.876195852,14038.0,1.1377217486193993,2021-01-13 11:11:22.252299
temp/evaluation/coreg_ddems/station_5446_ddem.tif,bad,21.75466897,545937.0,3.624622319440015,2021-01-13 11:11:22.252299
temp/evaluation/coreg_ddems/station_5279_ddem.tif,good,36.17921854,3832.0,47.50592623755373,2021-01-13 11:11:22.252299
temp/evaluation/coreg_ddems/station_0036_ddem.tif,good,2.63371536,20637.0,0.8777097358124434,2021-01-13 11:11:22.252299
temp/evaluation/coreg_ddems/station_4293_ddem.tif,good,5.835321607,164574.0,0.7499984667626671,2021-01-13 11:11:22.252299
temp/evaluation/coreg_ddems/station_2985_ddem.tif,good,4.722928208,151186.0,0.9121945105045769,2021-01-13 11:11:22.252299
temp/evaluation/coreg_ddems/station_4532_ddem.tif,good,2.683687033,9425.0,0.390630473201356,2021-01-13 11:11:22.252299
temp/evaluation/coreg_ddems/station_0002_ddem.tif,bad,25.95974483,40231.0,10.809874800919497,2021-01-13 11:11:22.252299
temp/evaluation/coreg_ddems/station_4561_ddem.tif,good,5.898726189,49236.0,1.8219998207310764,2021-01-13 11:11:22.252299
temp/evaluation/coreg_ddems/station_3844_ddem.tif,good,4.055823966,32404.0,1.0291167374316057,2021-01-13 11:11:22.252299
temp/evaluation/coreg_ddems/station_6343_ddem.tif,unclear,11.15446534,42271.0,1.6356598511536349,2021-01-13 11:11:22.252299
temp/evaluation/coreg_ddems/station_0005_ddem.tif,good,1.571713766,77204.0,0.07970889144202431,2021-01-13 11:11:22.252299
temp/evaluation/coreg_ddems/station_3827_ddem.tif,unclear,4.18368341,36024.0,1.363199145613061,2021-01-13 11:11:22.252299
temp/evaluation/coreg_ddems/station_6717_ddem.tif,unclear,33.75400995,610.0,11.476500750742028,2021-01-13 11:11:22.252299
temp/evaluation/coreg_ddems/station_5281_ddem.tif,unclear,8.735943301,187670.0,0.7685546905128132,2021-01-13 11:11:22.252299
temp/evaluation/coreg_ddems/station_4528_ddem.tif,good,4.491031071,64730.0,0.71032874874367,2021-01-13 11:11:22.252299
temp/evaluation/coreg_ddems/station_4540_ddem.tif,good,2.640124631,27005.0,1.797343451606246,2021-01-13 11:11:22.252299
temp/evaluation/coreg_ddems/station_5651_ddem.tif,bad,26.88312236,36135.0,6.328650607027075,2021-01-13 11:11:22.252299
temp/evaluation/coreg_ddems/station_4550_ddem.tif,good,7.454248933,274797.0,0.23780558841733848,2021-01-13 11:11:22.252299
temp/evaluation/coreg_ddems/station_4711_ddem.tif,bad,28.85309715,28863.0,7.992581564171895,2021-01-13 11:11:22.252299
temp/evaluation/coreg_ddems/station_2981_ddem.tif,good,4.330355931,259617.0,0.3861075806707465,2021-01-13 11:11:22.252299
temp/evaluation/coreg_ddems/station_1894_ddem.tif,unclear,14.08412419,248639.0,1.258479035295203,2021-01-13 11:11:22.252299
temp/evaluation/coreg_ddems/station_4306_ddem.tif,good,3.440050282,110197.0,0.43212310745564536,2021-01-13 11:11:22.252299
temp/evaluation/coreg_ddems/station_3532_ddem.tif,bad,16.70499292,44559.0,2.0375380848916955,2021-01-13 11:11:22.252299
temp/evaluation/coreg_ddems/station_1885_ddem.tif,good,4.908606279,86468.0,0.5725821757350107,2021-01-13 11:11:22.252299
temp/evaluation/coreg_ddems/station_5813_ddem.tif,unclear,5.562750384,84847.0,0.6799712363025197,2021-01-13 11:11:22.252299
temp/evaluation/coreg_ddems/station_6721_ddem.tif,bad,26.74648463,33285.0,2.7345127344708984,2021-01-13 11:11:22.252299
temp/evaluation/coreg_ddems/station_4310_ddem.tif,unclear,9.836754464,116552.0,0.7736571855605029,2021-01-13 11:11:22.252299
temp/evaluation/coreg_ddems/station_4556_ddem.tif,unclear,6.72884301,40290.0,1.1997903246461132,2021-01-13 11:11:22.252299
temp/evaluation/coreg_ddems/station_3823_ddem.tif,good,3.560992122,142630.0,0.6405520861336342,2021-01-13 11:11:22.252299
temp/evaluation/coreg_ddems/station_4304_ddem.tif,unclear,10.16920013,44406.0,0.85347549942313,2021-01-13 11:11:22.252299
temp/evaluation/coreg_ddems/station_4277_ddem.tif,good,3.090279341,54372.0,0.544701517552281,2021-01-13 11:11:22.252299
temp/evaluation/coreg_ddems/station_4722_ddem.tif,bad,28.39158948,9211.0,5.892442415064503,2021-01-13 11:11:22.252299
temp/evaluation/coreg_ddems/station_6325_ddem.tif,good,3.273538696,61342.0,1.7786709206331865,2021-01-13 11:11:22.252299
temp/evaluation/coreg_ddems/station_4704_ddem.tif,bad,22.43727601,6188.0,9.146592044359926,2021-01-13 11:11:22.252299
temp/evaluation/coreg_ddems/station_5284_ddem.tif,good,4.305702352,146977.0,1.2361507495770874,2021-01-13 11:11:22.252299
temp/evaluation/coreg_ddems/station_3013_ddem.tif,good,4.485809102,91370.0,2.15793421064808,2021-01-13 11:11:22.252299
temp/evaluation/coreg_ddems/station_3009_ddem.tif,bad,13.24316503,406543.0,2.6957266275220726,2021-01-13 11:11:22.252299
temp/evaluation/coreg_ddems/station_4542_ddem.tif,unclear,5.835822376,112819.0,0.8849365680094591,2021-01-13 11:11:22.252299
temp/evaluation/coreg_ddems/station_1884_ddem.tif,bad,90.30890148,14246.0,45.74361579403888,2021-01-13 11:11:22.252299
temp/evaluation/coreg_ddems/station_3005_ddem.tif,bad,129.8459989,40961.0,11.257572949911529,2021-01-13 11:11:22.252299
temp/evaluation/coreg_ddems/station_3826_ddem.tif,good,3.43796716,102405.0,0.4199259754519463,2021-01-13 11:11:22.252299
temp/evaluation/coreg_ddems/station_1890_ddem.tif,good,3.327789473,22744.0,0.48990405178525903,2021-01-13 11:11:22.252299
temp/evaluation/coreg_ddems/station_4294_ddem.tif,good,4.420707568,45338.0,0.878203620033129,2021-01-13 11:11:22.252299
temp/evaluation/coreg_ddems/station_4555_ddem.tif,bad,97.75760296,6930.0,35.997021119260815,2021-01-13 11:11:22.252299
temp/evaluation/coreg_ddems/station_0009_ddem.tif,unclear,6.127398423,43610.0,0.4999507179447496,2021-01-13 11:11:22.252299
temp/evaluation/coreg_ddems/station_4321_ddem.tif,good,3.435463059,87069.0,0.8222616588112768,2021-01-13 11:11:22.252299
temp/evaluation/coreg_ddems/station_5827_ddem.tif,good,3.717193805,135280.0,0.3895142421167815,2021-01-13 11:11:22.252299
temp/evaluation/coreg_ddems/station_4313_ddem.tif,good,3.217392494,76960.0,0.47587124223722266,2021-01-13 11:11:22.252299
temp/evaluation/coreg_ddems/station_2996_ddem.tif,good,5.639638737,399795.0,0.19850564717465835,2021-01-13 11:11:22.252299
temp/evaluation/coreg_ddems/station_5631_ddem.tif,good,3.725463434,50260,0.8069015014749362,2021-01-13 11:14:37.561735
